ZuzanaCaputova/ZuzanaCaputova_0004.png    0    0    160    160
ZuzanaCaputova/ZuzanaCaputova_0007.png    0    0    160    160
ZuzanaCaputova/ZuzanaCaputova_0001.png    0    0    160    160
ZuzanaCaputova/ZuzanaCaputova_0003.png    0    0    160    160
ZuzanaCaputova/ZuzanaCaputova_0005.png    0    0    160    160
ZuzanaCaputova/ZuzanaCaputova_0008.png    0    0    160    160
ZuzanaCaputova/ZuzanaCaputova_0002.png    0    0    160    160
ZuzanaCaputova/ZuzanaCaputova_0006.png    0    0    160    160
RonDesantis/RonDesantis_0005.png    0    0    160    160
RonDesantis/RonDesantis_0001.png    0    0    160    160
RonDesantis/RonDesantis_0002.png    0    0    160    160
RonDesantis/RonDesantis_0004.png    0    0    160    160
RonDesantis/RonDesantis_0006.png    0    0    160    160
RonDesantis/RonDesantis_0003.png    0    0    160    160
BrianKemp/BrianKemp_0005.png    0    0    160    160
BrianKemp/BrianKemp_0001.png    0    0    160    160
BrianKemp/BrianKemp_0002.png    0    0    160    160
BrianKemp/BrianKemp_0003.png    0    0    160    160
BrianKemp/BrianKemp_0004.png    0    0    160    160
StevenReed/StevenReed_0001.png    0    0    160    160
StevenReed/StevenReed_0006.png    0    0    160    160
StevenReed/StevenReed_0003.png    0    0    160    160
StevenReed/StevenReed_0002.png    0    0    160    160
StevenReed/StevenReed_0005.png    0    0    160    160
StevenReed/StevenReed_0004.png    0    0    160    160
CarrieLam/CarrieLam_0006.png    0    0    160    160
CarrieLam/CarrieLam_0005.png    0    0    160    160
CarrieLam/CarrieLam_0004.png    0    0    160    160
CarrieLam/CarrieLam_0001.png    0    0    160    160
CarrieLam/CarrieLam_0003.png    0    0    160    160
CarrieLam/CarrieLam_0002.png    0    0    160    160
AdrianDunbar/AdrianDunbar_0004.png    0    0    160    160
AdrianDunbar/AdrianDunbar_0001.png    0    0    160    160
AdrianDunbar/AdrianDunbar_0003.png    0    0    160    160
AdrianDunbar/AdrianDunbar_0002.png    0    0    160    160
TakeOff/TakeOff_0003.png    0    0    160    160
TakeOff/TakeOff_0001.png    0    0    160    160
TakeOff/TakeOff_0002.png    0    0    160    160
JaredPolis/JaredPolis_0001.png    0    0    160    160
JaredPolis/JaredPolis_0006.png    0    0    160    160
JaredPolis/JaredPolis_0005.png    0    0    160    160
JaredPolis/JaredPolis_0002.png    0    0    160    160
JaredPolis/JaredPolis_0003.png    0    0    160    160
JaredPolis/JaredPolis_0007.png    0    0    160    160
JaredPolis/JaredPolis_0009.png    0    0    160    160
JaredPolis/JaredPolis_0008.png    0    0    160    160
JaredPolis/JaredPolis_0010.png    0    0    160    160
JaredPolis/JaredPolis_0004.png    0    0    160    160
MitchMcConnell/MitchMcConnell_0005.png    0    0    160    160
MitchMcConnell/MitchMcConnell_0001.png    0    0    160    160
MitchMcConnell/MitchMcConnell_0002.png    0    0    160    160
MitchMcConnell/MitchMcConnell_0004.png    0    0    160    160
MitchMcConnell/MitchMcConnell_0006.png    0    0    160    160
MitchMcConnell/MitchMcConnell_0003.png    0    0    160    160
SimonCowell/SimonCowell_0004.png    0    0    160    160
SimonCowell/SimonCowell_0001.png    0    0    160    160
SimonCowell/SimonCowell_0002.png    0    0    160    160
SimonCowell/SimonCowell_0003.png    0    0    160    160
BellaHadid/BellaHadid_0003.png    0    0    160    160
BellaHadid/BellaHadid_0002.png    0    0    160    160
BellaHadid/BellaHadid_0001.png    0    0    160    160
SteveHarvey/SteveHarvey_0001.png    0    0    160    160
SteveHarvey/SteveHarvey_0002.png    0    0    160    160
TomWolf/TomWolf_0006.png    0    0    160    160
TomWolf/TomWolf_0004.png    0    0    160    160
TomWolf/TomWolf_0003.png    0    0    160    160
TomWolf/TomWolf_0005.png    0    0    160    160
TomWolf/TomWolf_0001.png    0    0    160    160
TomWolf/TomWolf_0002.png    0    0    160    160
LadyGaga/LadyGaga_0003.png    0    0    160    160
LadyGaga/LadyGaga_0001.png    0    0    160    160
LadyGaga/LadyGaga_0005.png    0    0    160    160
LadyGaga/LadyGaga_0004.png    0    0    160    160
LadyGaga/LadyGaga_0002.png    0    0    160    160
GretchenWhitmer/GretchenWhitmer_0001.png    0    0    160    160
GretchenWhitmer/GretchenWhitmer_0003.png    0    0    160    160
GretchenWhitmer/GretchenWhitmer_0002.png    0    0    160    160
GretchenWhitmer/GretchenWhitmer_0004.png    0    0    160    160
GretchenWhitmer/GretchenWhitmer_0005.png    0    0    160    160
JoeBiden/JoeBiden_0003.png    0    0    160    160
JoeBiden/JoeBiden_0004.png    0    0    160    160
JoeBiden/JoeBiden_0002.png    0    0    160    160
JoeBiden/JoeBiden_0001.png    0    0    160    160
JoeBiden/JoeBiden_0005.png    0    0    160    160
KyriakosMitsotakis/KyriakosMitsotakis_0001.png    0    0    160    160
KyriakosMitsotakis/KyriakosMitsotakis_0004.png    0    0    160    160
KyriakosMitsotakis/KyriakosMitsotakis_0003.png    0    0    160    160
KyriakosMitsotakis/KyriakosMitsotakis_0002.png    0    0    160    160
KyriakosMitsotakis/KyriakosMitsotakis_0005.png    0    0    160    160
TsaiIngwen/TsaiIngwen_0006.png    0    0    160    160
TsaiIngwen/TsaiIngwen_0001.png    0    0    160    160
TsaiIngwen/TsaiIngwen_0005.png    0    0    160    160
TsaiIngwen/TsaiIngwen_0002.png    0    0    160    160
TsaiIngwen/TsaiIngwen_0003.png    0    0    160    160
TsaiIngwen/TsaiIngwen_0004.png    0    0    160    160
XiJinping/XiJinping_0002.png    0    0    160    160
XiJinping/XiJinping_0001.png    0    0    160    160
XiJinping/XiJinping_0004.png    0    0    160    160
XiJinping/XiJinping_0005.png    0    0    160    160
XiJinping/XiJinping_0003.png    0    0    160    160
MuhammadFahmi/MuhammadFahmi_0002.png    0    0    160    160
MuhammadFahmi/MuhammadFahmi_0001.png    0    0    160    160
MuhammadFahmi/MuhammadFahmi_0004.png    0    0    160    160
MuhammadFahmi/MuhammadFahmi_0003.png    0    0    160    160
CharlieBaker/CharlieBaker_0006.png    0    0    160    160
CharlieBaker/CharlieBaker_0001.png    0    0    160    160
CharlieBaker/CharlieBaker_0005.png    0    0    160    160
CharlieBaker/CharlieBaker_0004.png    0    0    160    160
CharlieBaker/CharlieBaker_0003.png    0    0    160    160
CharlieBaker/CharlieBaker_0002.png    0    0    160    160
CharlieBaker/CharlieBaker_0007.png    0    0    160    160
GaryHerbert/GaryHerbert_0007.png    0    0    160    160
GaryHerbert/GaryHerbert_0006.png    0    0    160    160
GaryHerbert/GaryHerbert_0005.png    0    0    160    160
GaryHerbert/GaryHerbert_0002.png    0    0    160    160
GaryHerbert/GaryHerbert_0003.png    0    0    160    160
GaryHerbert/GaryHerbert_0001.png    0    0    160    160
GaryHerbert/GaryHerbert_0009.png    0    0    160    160
GaryHerbert/GaryHerbert_0008.png    0    0    160    160
GaryHerbert/GaryHerbert_0004.png    0    0    160    160
UddhavThackery/UddhavThackery_0001.png    0    0    160    160
UddhavThackery/UddhavThackery_0002.png    0    0    160    160
UddhavThackery/UddhavThackery_0003.png    0    0    160    160
JonathanBennet/JonathanBennet_0002.png    0    0    160    160
JonathanBennet/JonathanBennet_0003.png    0    0    160    160
JonathanBennet/JonathanBennet_0001.png    0    0    160    160
TaroKono/TaroKono_0001.png    0    0    160    160
TaroKono/TaroKono_0002.png    0    0    160    160
EricGarcetti/EricGarcetti_0002.png    0    0    160    160
EricGarcetti/EricGarcetti_0003.png    0    0    160    160
EricGarcetti/EricGarcetti_0004.png    0    0    160    160
EricGarcetti/EricGarcetti_0005.png    0    0    160    160
EricGarcetti/EricGarcetti_0001.png    0    0    160    160
DougDucey/DougDucey_0002.png    0    0    160    160
DougDucey/DougDucey_0001.png    0    0    160    160
DougDucey/DougDucey_0004.png    0    0    160    160
DougDucey/DougDucey_0003.png    0    0    160    160
DougDucey/DougDucey_0006.png    0    0    160    160
DougDucey/DougDucey_0005.png    0    0    160    160
KimKardashian/KimKardashian_0001.png    0    0    160    160
KimKardashian/KimKardashian_0002.png    0    0    160    160
RoyCooper/RoyCooper_0003.png    0    0    160    160
RoyCooper/RoyCooper_0006.png    0    0    160    160
RoyCooper/RoyCooper_0005.png    0    0    160    160
RoyCooper/RoyCooper_0002.png    0    0    160    160
RoyCooper/RoyCooper_0004.png    0    0    160    160
RoyCooper/RoyCooper_0001.png    0    0    160    160
BrodyJenner/BrodyJenner_0002.png    0    0    160    160
BrodyJenner/BrodyJenner_0001.png    0    0    160    160
FloydMayweather/FloydMayweather_0001.png    0    0    160    160
FloydMayweather/FloydMayweather_0002.png    0    0    160    160
FloydMayweather/FloydMayweather_0003.png    0    0    160    160
RalphNortham/RalphNortham_0003.png    0    0    160    160
RalphNortham/RalphNortham_0004.png    0    0    160    160
RalphNortham/RalphNortham_0005.png    0    0    160    160
RalphNortham/RalphNortham_0002.png    0    0    160    160
RalphNortham/RalphNortham_0001.png    0    0    160    160
PharrellWilliams/PharrellWilliams_0002.png    0    0    160    160
PharrellWilliams/PharrellWilliams_0001.png    0    0    160    160
PharrellWilliams/PharrellWilliams_0004.png    0    0    160    160
PharrellWilliams/PharrellWilliams_0003.png    0    0    160    160
ReneeMorrison/ReneeMorrison_0002.png    0    0    160    160
ReneeMorrison/ReneeMorrison_0003.png    0    0    160    160
ReneeMorrison/ReneeMorrison_0001.png    0    0    160    160
VassilisKikilias/VassilisKikilias_0003.png    0    0    160    160
VassilisKikilias/VassilisKikilias_0002.png    0    0    160    160
VassilisKikilias/VassilisKikilias_0001.png    0    0    160    160
ArifAlvi/ArifAlvi_0001.png    0    0    160    160
ArifAlvi/ArifAlvi_0002.png    0    0    160    160
ArifAlvi/ArifAlvi_0004.png    0    0    160    160
ArifAlvi/ArifAlvi_0003.png    0    0    160    160
BenAffleck/BenAffleck_0006.png    0    0    160    160
BenAffleck/BenAffleck_0001.png    0    0    160    160
BenAffleck/BenAffleck_0002.png    0    0    160    160
BenAffleck/BenAffleck_0004.png    0    0    160    160
BenAffleck/BenAffleck_0005.png    0    0    160    160
BenAffleck/BenAffleck_0007.png    0    0    160    160
BenAffleck/BenAffleck_0003.png    0    0    160    160
JustinTrudeau/JustinTrudeau_0004.png    0    0    160    160
JustinTrudeau/JustinTrudeau_0006.png    0    0    160    160
JustinTrudeau/JustinTrudeau_0003.png    0    0    160    160
JustinTrudeau/JustinTrudeau_0002.png    0    0    160    160
JustinTrudeau/JustinTrudeau_0005.png    0    0    160    160
JustinTrudeau/JustinTrudeau_0001.png    0    0    160    160
DennyTamaki/DennyTamaki_0006.png    0    0    160    160
DennyTamaki/DennyTamaki_0005.png    0    0    160    160
DennyTamaki/DennyTamaki_0003.png    0    0    160    160
DennyTamaki/DennyTamaki_0008.png    0    0    160    160
DennyTamaki/DennyTamaki_0007.png    0    0    160    160
DennyTamaki/DennyTamaki_0002.png    0    0    160    160
DennyTamaki/DennyTamaki_0004.png    0    0    160    160
DennyTamaki/DennyTamaki_0001.png    0    0    160    160
ZacEfron/ZacEfron_0002.png    0    0    160    160
ZacEfron/ZacEfron_0001.png    0    0    160    160
ZacEfron/ZacEfron_0003.png    0    0    160    160
LarryHogan/LarryHogan_0005.png    0    0    160    160
LarryHogan/LarryHogan_0004.png    0    0    160    160
LarryHogan/LarryHogan_0007.png    0    0    160    160
LarryHogan/LarryHogan_0006.png    0    0    160    160
LarryHogan/LarryHogan_0003.png    0    0    160    160
LarryHogan/LarryHogan_0001.png    0    0    160    160
LarryHogan/LarryHogan_0002.png    0    0    160    160
AhmadAli/AhmadAli_0004.png    0    0    160    160
AhmadAli/AhmadAli_0003.png    0    0    160    160
AhmadAli/AhmadAli_0005.png    0    0    160    160
AhmadAli/AhmadAli_0001.png    0    0    160    160
AhmadAli/AhmadAli_0002.png    0    0    160    160
MikeDewine/MikeDewine_0004.png    0    0    160    160
MikeDewine/MikeDewine_0003.png    0    0    160    160
MikeDewine/MikeDewine_0001.png    0    0    160    160
MikeDewine/MikeDewine_0005.png    0    0    160    160
MikeDewine/MikeDewine_0002.png    0    0    160    160
GavinNewsom/GavinNewsom_0003.png    0    0    160    160
GavinNewsom/GavinNewsom_0005.png    0    0    160    160
GavinNewsom/GavinNewsom_0001.png    0    0    160    160
GavinNewsom/GavinNewsom_0002.png    0    0    160    160
GavinNewsom/GavinNewsom_0006.png    0    0    160    160
GavinNewsom/GavinNewsom_0004.png    0    0    160    160
PhilMurphy/PhilMurphy_0005.png    0    0    160    160
PhilMurphy/PhilMurphy_0007.png    0    0    160    160
PhilMurphy/PhilMurphy_0002.png    0    0    160    160
PhilMurphy/PhilMurphy_0006.png    0    0    160    160
PhilMurphy/PhilMurphy_0004.png    0    0    160    160
PhilMurphy/PhilMurphy_0001.png    0    0    160    160
PhilMurphy/PhilMurphy_0003.png    0    0    160    160
DonnellRawlings/DonnellRawlings_0002.png    0    0    160    160
DonnellRawlings/DonnellRawlings_0001.png    0    0    160    160
IgorMatovic/IgorMatovic_0003.png    0    0    160    160
IgorMatovic/IgorMatovic_0005.png    0    0    160    160
IgorMatovic/IgorMatovic_0001.png    0    0    160    160
IgorMatovic/IgorMatovic_0002.png    0    0    160    160
IgorMatovic/IgorMatovic_0004.png    0    0    160    160
NancyPelosi/NancyPelosi_0007.png    0    0    160    160
NancyPelosi/NancyPelosi_0002.png    0    0    160    160
NancyPelosi/NancyPelosi_0006.png    0    0    160    160
NancyPelosi/NancyPelosi_0008.png    0    0    160    160
NancyPelosi/NancyPelosi_0003.png    0    0    160    160
NancyPelosi/NancyPelosi_0005.png    0    0    160    160
NancyPelosi/NancyPelosi_0004.png    0    0    160    160
NancyPelosi/NancyPelosi_0001.png    0    0    160    160
YoshihideSuga/YoshihideSuga_0003.png    0    0    160    160
YoshihideSuga/YoshihideSuga_0006.png    0    0    160    160
YoshihideSuga/YoshihideSuga_0005.png    0    0    160    160
YoshihideSuga/YoshihideSuga_0004.png    0    0    160    160
YoshihideSuga/YoshihideSuga_0001.png    0    0    160    160
YoshihideSuga/YoshihideSuga_0002.png    0    0    160    160
MatthewMorrison/MatthewMorrison_0001.png    0    0    160    160
MatthewMorrison/MatthewMorrison_0003.png    0    0    160    160
MatthewMorrison/MatthewMorrison_0004.png    0    0    160    160
MatthewMorrison/MatthewMorrison_0002.png    0    0    160    160
EmmanuelMacron/EmmanuelMacron_0003.png    0    0    160    160
EmmanuelMacron/EmmanuelMacron_0002.png    0    0    160    160
EmmanuelMacron/EmmanuelMacron_0004.png    0    0    160    160
EmmanuelMacron/EmmanuelMacron_0006.png    0    0    160    160
EmmanuelMacron/EmmanuelMacron_0005.png    0    0    160    160
EmmanuelMacron/EmmanuelMacron_0001.png    0    0    160    160
ImranKhan/ImranKhan_0004.png    0    0    160    160
ImranKhan/ImranKhan_0006.png    0    0    160    160
ImranKhan/ImranKhan_0002.png    0    0    160    160
ImranKhan/ImranKhan_0003.png    0    0    160    160
ImranKhan/ImranKhan_0001.png    0    0    160    160
ImranKhan/ImranKhan_0005.png    0    0    160    160
YurikoKoike/YurikoKoike_0003.png    0    0    160    160
YurikoKoike/YurikoKoike_0004.png    0    0    160    160
YurikoKoike/YurikoKoike_0005.png    0    0    160    160
YurikoKoike/YurikoKoike_0006.png    0    0    160    160
YurikoKoike/YurikoKoike_0001.png    0    0    160    160
YurikoKoike/YurikoKoike_0002.png    0    0    160    160
YurikoKoike/YurikoKoike_0007.png    0    0    160    160
